Date,Close
2015-01-01,101.0
2015-01-02,102.0
2015-01-05,103.0
2015-01-06,104.0
2015-01-07,105.0
2015-01-08,106.0
2015-01-09,107.0
2015-01-12,108.0
2015-01-13,109.0
2015-01-14,110.0
2015-01-15,111.0
2015-01-16,112.0
2015-01-19,113.0
2015-01-20,114.0
2015-01-21,115.0
2015-01-22,116.0
2015-01-23,117.0
2015-01-26,118.0
2015-01-27,119.0
2015-01-28,120.0
2015-01-29,121.0
2015-01-30,122.0
2015-02-02,121.5
2015-02-03,121.0
2015-02-04,120.5
2015-02-05,120.0
2015-02-06,119.5
2015-02-09,119.0
2015-02-10,118.5
2015-02-11,118.0
2015-02-12,117.5
2015-02-13,117.0
2015-02-16,116.5
2015-02-17,116.0
2015-02-18,115.5
2015-02-19,115.0
2015-02-20,114.5
2015-02-23,114.0
2015-02-24,113.5
2015-02-25,113.0
2015-02-26,112.5
2015-02-27,112.0
2015-03-02,111.851550475837
2015-03-03,112.66047968934838
2015-03-04,112.39917851503508
2015-03-05,111.78040007481003
2015-03-06,112.26478650285273
2015-03-09,112.08660787555206
2015-03-10,111.68261753421181
2015-03-11,112.78299913219182
2015-03-12,112.32657609416303
2015-03-13,113.02958571246515
2015-03-16,112.96284395732428
2015-03-17,112.02929952137082
2015-03-18,112.10638211531034
2015-03-19,113.09871758338177
2015-03-20,113.2380729739206
2015-03-23,112.3545567095083
2015-03-24,112.27665399829844
2015-03-25,112.3123523096899
2015-03-26,111.80030587839629
2015-03-27,112.5010442962883
2015-03-30,112.43421320731215
2015-03-31,111.71350142818434
2015-04-01,111.48522622289988
2015-04-02,111.46799263381544
2015-04-03,111.13946435975102
2015-04-06,111.41056660630646
2015-04-07,110.44437245855147
2015-04-08,110.31277397914286
2015-04-09,110.41275244666139
2015-04-10,110.30625561769548
2015-04-13,109.91800088968878
2015-04-14,110.18248362934479
2015-04-15,109.7169845166579
2015-04-16,109.11758936637021
2015-04-17,108.57407844011156
2015-04-20,109.04805801108058
2015-04-21,108.7023784030292
2015-04-22,109.15528653064607
2015-04-23,108.92446793785892
2015-04-24,108.28348384991004
2015-04-27,108.30229998322464
2015-04-28,108.55815787440746
2015-04-29,109.25254040648598
2015-04-30,109.62871183585203
2015-05-01,109.26275745940684
2015-05-04,109.1578512356846
2015-05-05,110.03556671100566
2015-05-06,110.34610885863032
2015-05-07,110.54956124109269
2015-05-08,110.56015120292875
2015-05-11,109.662715155866
2015-05-12,109.78650951826721
2015-05-13,109.30721952379604
2015-05-14,109.52188927649718
2015-05-15,109.59330991080223
2015-05-18,109.27937040124004
2015-05-19,109.43118553226363
2015-05-20,109.7877600715173
2015-05-21,109.67061871948748
2015-05-22,108.90370328834389
2015-05-25,108.69055878999725
2015-05-26,108.60074550854245
2015-05-27,107.52535314961983
2015-05-28,107.75158435205388
2015-05-29,107.81341136501767
2015-06-01,107.37600503076054
2015-06-02,107.80616370131783
2015-06-03,108.89508686281597
2015-06-04,108.72133487966731
2015-06-05,108.55763447184702
2015-06-08,108.97567212653294
2015-06-09,108.16807019811436
2015-06-10,107.6026920875909
2015-06-11,107.0893082903221
2015-06-12,106.34174967971718
2015-06-15,106.4828022207666
2015-06-16,106.48133988615301
2015-06-17,106.53261995819322
2015-06-18,106.43021362746994
2015-06-19,106.20315060542936
2015-06-22,106.55018480003736
2015-06-23,106.61637054027588
2015-06-24,106.78732230632552
2015-06-25,106.71732426343593
2015-06-26,106.82653268799115
2015-06-29,107.41718446066838
2015-06-30,108.09533760839504
2015-07-01,108.47620822302865
2015-07-02,108.2439684812802
2015-07-03,108.90923585777358
2015-07-06,108.69233846575311
2015-07-07,108.60306915273117
2015-07-08,107.9774245647664
2015-07-09,108.1334044597195
2015-07-10,108.16235042841029
2015-07-13,108.45953025320732
2015-07-14,108.64435766894508
2015-07-15,108.5494133915166
2015-07-16,108.32001768664438
2015-07-17,108.8778708663931
2015-07-20,109.15345111510659
2015-07-21,109.19426827173022
2015-07-22,109.54700667471006
2015-07-23,109.45548469968098
2015-07-24,109.46583032377939
2015-07-27,109.59476672672936
2015-07-28,109.05841156309367
2015-07-29,109.09848634495593
2015-07-30,108.40644974736624
2015-07-31,108.7698643039849
2015-08-03,109.18300441031909
2015-08-04,109.22131912010856
2015-08-05,109.65609589843099
2015-08-06,109.21876346832899
2015-08-07,109.62977770717329
2015-08-10,109.99211582996281
2015-08-11,109.77310401935277
2015-08-12,109.59211232162123
2015-08-13,110.1969978794997
2015-08-14,110.62853731531048
2015-08-17,110.38167620072558
2015-08-18,110.82728536424068
2015-08-19,109.82804910350076
2015-08-20,109.73347487291514
2015-08-21,109.70136180645711
2015-08-24,110.94965599009723
2015-08-25,110.10156005312
2015-08-26,110.02320240430338
2015-08-27,110.52285657972345
2015-08-28,110.1867882974304
2015-08-31,110.38337448444571
2015-09-01,110.96660451684178
2015-09-02,111.2618459815442
2015-09-03,111.61745656551426
2015-09-04,112.32844857565935
2015-09-07,112.0817170996236
2015-09-08,112.31439276966155
2015-09-09,111.73389825961607
2015-09-10,111.21176182849996
2015-09-11,110.47014329923014
2015-09-14,109.83473061683165
2015-09-15,108.99385097206421
2015-09-16,108.31704317603922
2015-09-17,107.97197206528637
2015-09-18,107.21286464344031
2015-09-21,107.45254652772297
2015-09-22,107.28357262454477
2015-09-23,107.80824588662796
2015-09-24,108.3263404804736
2015-09-25,107.9068602901762
2015-09-28,108.43653373446355
2015-09-29,108.8171805332212
2015-09-30,108.97862793681654
2015-10-01,108.82852866106782
2015-10-02,109.34476839251535
2015-10-05,109.92675525631324
2015-10-06,109.99352360893157
2015-10-07,109.9906440691598
2015-10-08,110.30505515036653
2015-10-09,110.48322475320381
2015-10-12,110.66468822737923
2015-10-13,110.46323389769444
2015-10-14,110.85980484968849
2015-10-15,111.40843900879867
2015-10-16,111.51368433776503
2015-10-19,111.37153582849787
2015-10-20,111.23902464636389
2015-10-21,111.33372014606024
2015-10-22,111.52065859179088
2015-10-23,110.94813138333355
2015-10-26,111.27556916580268
2015-10-27,111.69269064370182
2015-10-28,111.44124318834845
2015-10-29,111.53656663210002
2015-10-30,112.05917717248387
2015-11-02,111.7774216810003
2015-11-03,111.68822841448389
2015-11-04,111.25313483879673
2015-11-05,110.491368030818
2015-11-06,110.68506079613938
2015-11-09,110.79935101541157
2015-11-10,110.31567670506358
2015-11-11,110.01975035745843
2015-11-12,110.50725993189464
2015-11-13,111.21793344045733
2015-11-16,110.8949361555773
2015-11-17,111.8935895580255
2015-11-18,111.56499676119581
2015-11-19,111.31194173612566
2015-11-20,110.90883947878362
2015-11-23,111.05359968111051
2015-11-24,110.98054153840162
2015-11-25,110.47116380228336
2015-11-26,110.42622911139227
2015-11-27,110.68632991722515
2015-11-30,110.41351188180695
2015-12-01,110.02312711958065
2015-12-02,110.04531911579517
2015-12-03,109.54502829044391
2015-12-04,109.34541002096297
2015-12-07,108.66471939743185
2015-12-08,108.34673930813517
2015-12-09,108.18639545662404
2015-12-10,108.10250543548294
2015-12-11,107.73096204602923
2015-12-14,107.58702422147793
2015-12-15,107.6581847853312
2015-12-16,107.73021591343688
2015-12-17,107.5217629866481
2015-12-18,107.06233257150726
2015-12-21,106.67663422814034
2015-12-22,106.27441515316507
2015-12-23,106.3697639098606
2015-12-24,105.7636273811057
2015-12-25,105.62066584244863
2015-12-28,105.43343440295943
2015-12-29,106.03399850989649
2015-12-30,105.40817147139745
2015-12-31,105.01686999235045
2016-01-01,106.01686999235045
2016-01-04,107.01686999235045
2016-01-05,108.01686999235045
2016-01-06,109.01686999235045
2016-01-07,110.01686999235045
2016-01-08,111.01686999235045
2016-01-11,112.01686999235045
2016-01-12,113.01686999235045
2016-01-13,114.01686999235045
2016-01-14,115.01686999235045
2016-01-15,116.01686999235045
2016-01-18,117.01686999235045
2016-01-19,118.01686999235045
2016-01-20,119.01686999235045
2016-01-21,120.01686999235045
2016-01-22,121.01686999235045
2016-01-25,122.01686999235045
2016-01-26,123.01686999235045
2016-01-27,124.01686999235045
2016-01-28,125.01686999235045
2016-01-29,126.01686999235045
2016-02-01,125.51686999235045
2016-02-02,125.01686999235045
2016-02-03,124.51686999235045
2016-02-04,124.01686999235045
2016-02-05,123.51686999235045
2016-02-08,123.01686999235045
2016-02-09,122.51686999235045
2016-02-10,122.01686999235045
2016-02-11,121.51686999235045
2016-02-12,121.01686999235045
2016-02-15,120.51686999235045
2016-02-16,120.01686999235045
2016-02-17,119.51686999235045
2016-02-18,119.01686999235045
2016-02-19,118.51686999235045
2016-02-22,118.01686999235045
2016-02-23,117.51686999235045
2016-02-24,117.01686999235045
2016-02-25,116.51686999235045
2016-02-26,116.01686999235045
2016-02-29,115.51686999235045
2016-03-01,115.89899483406242
2016-03-02,116.86238373546738
2016-03-03,117.0298596910869
2016-03-04,116.98524950681178
2016-03-07,117.3229949420249
2016-03-08,116.97815378899828
2016-03-09,116.3632664380082
2016-03-10,116.59587328118496
2016-03-11,115.61257773510336
2016-03-14,115.46147302473304
2016-03-15,115.57347076812137
2016-03-16,116.65366119271079
2016-03-17,117.24329448451851
2016-03-18,117.65969089147082
2016-03-21,117.16898521755772
2016-03-22,116.46119093404829
2016-03-23,117.2743654828504
2016-03-24,117.46299022399762
2016-03-25,117.93345269632982
2016-03-28,117.95325875135512
2016-03-29,117.99173112808396
2016-03-30,118.16893572988921
2016-03-31,118.25003554345855
2016-04-01,117.87489015940093
2016-04-04,118.1594214247851
2016-04-05,118.29194532987293
2016-04-06,118.0998860133536
2016-04-07,118.12540474093544
2016-04-08,118.58839576269938
2016-04-11,118.6046939702422
2016-04-12,119.45858826877601
2016-04-13,119.37275919826831
2016-04-14,119.44420609905295
2016-04-15,119.61582163954152
2016-04-18,119.81962794443147
2016-04-19,119.6119482397003
2016-04-20,119.92535425548645
2016-04-21,119.82437447461093
2016-04-22,120.09756696044954
2016-04-25,119.62232149438715
2016-04-26,119.31207047050601
2016-04-27,119.67659582144945
2016-04-28,119.78066859540941
2016-04-29,120.56986033331651
2016-05-02,121.53544515416526
2016-05-03,121.74264732001858
2016-05-04,122.05433141805366
2016-05-05,121.8480723043628
2016-05-06,121.35284573675122
2016-05-09,122.6458134927817
2016-05-10,122.19226683242834
2016-05-11,122.44956198258917
2016-05-12,122.93919038761419
2016-05-13,122.70472195579829
2016-05-16,123.01525589084393
2016-05-17,123.9239364783989
2016-05-18,124.14158937747511
2016-05-19,124.36304719705315
2016-05-20,124.93731986456366
2016-05-23,124.50014555605911
2016-05-24,124.02156843593771
2016-05-25,124.48614292279746
2016-05-26,124.32211744723352
2016-05-27,124.92060985699885
2016-05-30,123.68416903840878
2016-05-31,123.90198738602689
2016-06-01,123.54778245379482
2016-06-02,123.21288085939707
2016-06-03,123.2065079388171
2016-06-06,122.76444165595734
2016-06-07,122.44859252868234
2016-06-08,122.12419049737812
2016-06-09,121.82737284714024
2016-06-10,122.16380808482904
2016-06-13,122.48444958061911
2016-06-14,122.58338931298952
2016-06-15,121.95366208934772
2016-06-16,122.08405185643845
2016-06-17,122.97378289906322
2016-06-20,123.61444091211226
2016-06-21,124.09333343759936
2016-06-22,124.71479944087346
2016-06-23,124.69351677754759
2016-06-24,124.50358240327965
2016-06-27,124.52377815183137
2016-06-28,124.01166180769908
2016-06-29,124.53694727558289
2016-06-30,124.00437969428042
2016-07-01,124.05702110556952
2016-07-04,124.30728566520216
2016-07-05,125.5665007850896
2016-07-06,125.49656810055467
2016-07-07,125.96181486365536
2016-07-08,125.74096953614473
2016-07-11,126.3075974823595
2016-07-12,125.61295926755662
2016-07-13,125.91235808890228
2016-07-14,125.08457378724324
2016-07-15,125.8287407652165
2016-07-18,125.96208442712015
2016-07-19,126.09337462678441
2016-07-20,126.38808126316293
2016-07-21,127.08334046050838
2016-07-22,127.45549342274958
2016-07-25,127.49114571799838
2016-07-26,127.6528502673872
2016-07-27,128.08300318422673
2016-07-28,128.17191674700769
2016-07-29,128.47034893441165
2016-08-01,128.88166401608444
2016-08-02,128.33187765782557
2016-08-03,129.15667931118963
2016-08-04,129.3613757990012
2016-08-05,129.7634544005901
2016-08-08,130.2613970357839
2016-08-09,129.5049079790307
2016-08-10,130.4901236543226
2016-08-11,130.82588666208662
2016-08-12,130.97067984653182
2016-08-15,131.37547275682502
2016-08-16,131.38263200527072
2016-08-17,131.25513618645377
2016-08-18,131.2531196090936
2016-08-19,131.45626355065124
2016-08-22,132.04949978962327
2016-08-23,132.14122475206085
2016-08-24,132.51735659390732
2016-08-25,132.68024910584143
2016-08-26,132.72318707444342
2016-08-29,132.4916111023135
2016-08-30,132.41606555958515
2016-08-31,131.8439209191164
2016-09-01,131.67881496416558
2016-09-02,131.84990026211602
2016-09-05,131.87827034761042
2016-09-06,131.3417150544919
2016-09-07,131.27799368963036
2016-09-08,132.2974174741876
2016-09-09,131.75784639893755
2016-09-12,131.32873150527973
2016-09-13,131.70001574506762
2016-09-14,131.91816440550815
2016-09-15,131.38641428569886
2016-09-16,131.21386421773803
2016-09-19,131.76960926213525
2016-09-20,131.72298790150566
2016-09-21,132.38710072304275
2016-09-22,131.84604267054812
2016-09-23,132.16899432268872
2016-09-26,132.48803591940066
2016-09-27,132.55221154335214
2016-09-28,132.92908781937354
2016-09-29,131.9448069901558
2016-09-30,132.33106659057063
2016-10-03,132.77331647293855
2016-10-04,132.20554723161476
2016-10-05,131.56882816694255
2016-10-06,131.41732106734284
2016-10-07,130.87077164830094
2016-10-10,130.62434527468753
2016-10-11,131.22364380141352
2016-10-12,130.22530614234304
2016-10-13,131.18598071244094
2016-10-14,131.18105705194634
2016-10-17,131.48540316751465
2016-10-18,130.75179489929468
2016-10-19,130.6067889456373
2016-10-20,130.18176721950076
2016-10-21,130.65092590217319
2016-10-24,130.9944695432897
2016-10-25,130.53960592292714
2016-10-26,131.00541198156188
2016-10-27,131.0684452644075
2016-10-28,131.39938805146215
2016-10-31,131.8618480896109
2016-11-01,131.81333228864307
2016-11-02,131.6317754974091
2016-11-03,131.17043993006058
2016-11-04,131.08913223727174
2016-11-07,131.30379630755192
2016-11-08,131.14421527760302
2016-11-09,129.84963189007354
2016-11-10,129.72280963011747
2016-11-11,130.44626821321893
2016-11-14,130.30208639397458
2016-11-15,130.24060997718215
2016-11-16,130.51060525389897
2016-11-17,129.87743767538984
2016-11-18,129.86573149579667
2016-11-21,129.32709367616982
2016-11-22,129.37765581526887
2016-11-23,128.8013243625509
2016-11-24,128.78934218704325
2016-11-25,128.8031491348746
2016-11-28,128.6391605373724
2016-11-29,129.1581491500652
2016-11-30,129.5175269969395
2016-12-01,129.82831148141136
2016-12-02,129.6006721426891
2016-12-05,129.74881804817363
2016-12-06,129.55282345641234
2016-12-07,129.193108754266
2016-12-08,130.05320695543017
2016-12-09,129.83672178831603
2016-12-12,129.67458915987754
2016-12-13,129.54965165539372
2016-12-14,129.7885941782639
2016-12-15,130.091015412706
2016-12-16,130.39379656249554
2016-12-19,130.5546732309932
2016-12-20,130.9571794176638
2016-12-21,130.83529328325747
2016-12-22,130.65306779372057
2016-12-23,130.7547490909675
2016-12-26,130.8853380255247
2016-12-27,130.7091799762859
2016-12-28,130.57748110822052
2016-12-29,130.76792879924275
2016-12-30,131.16577562334473
2017-01-02,132.16577562334473
2017-01-03,133.16577562334473
2017-01-04,134.16577562334473
2017-01-05,135.16577562334473
2017-01-06,136.16577562334473
2017-01-09,137.16577562334473
2017-01-10,138.16577562334473
2017-01-11,139.16577562334473
2017-01-12,140.16577562334473
2017-01-13,141.16577562334473
2017-01-16,142.16577562334473
2017-01-17,143.16577562334473
2017-01-18,144.16577562334473
2017-01-19,145.16577562334473
2017-01-20,146.16577562334473
2017-01-23,147.16577562334473
2017-01-24,148.16577562334473
2017-01-25,149.16577562334473
2017-01-26,150.16577562334473
2017-01-27,151.16577562334473
2017-01-30,152.16577562334473
2017-01-31,153.16577562334473
2017-02-01,152.66577562334473
2017-02-02,152.16577562334473
2017-02-03,151.66577562334473
2017-02-06,151.16577562334473
2017-02-07,150.66577562334473
2017-02-08,150.16577562334473
2017-02-09,149.66577562334473
2017-02-10,149.16577562334473
2017-02-13,148.66577562334473
2017-02-14,148.16577562334473
2017-02-15,147.66577562334473
2017-02-16,147.16577562334473
2017-02-17,146.66577562334473
2017-02-20,146.16577562334473
2017-02-21,145.66577562334473
2017-02-22,145.16577562334473
2017-02-23,144.66577562334473
2017-02-24,144.16577562334473
2017-02-27,143.66577562334473
2017-02-28,143.16577562334473
2017-03-01,142.49781671715323
2017-03-02,142.9805562617853
2017-03-03,143.1664876934918
2017-03-06,142.5808292789845
2017-03-07,142.93731900677741
2017-03-08,143.72656788628902
2017-03-09,143.27050954650375
2017-03-10,143.11315821479138
2017-03-13,143.1161350808293
2017-03-14,142.94761620946326
2017-03-15,142.55710251236934
2017-03-16,142.66399484991794
2017-03-17,142.2839855451531
2017-03-20,142.06760822770573
2017-03-21,142.27201206317292
2017-03-22,141.8105298138493
2017-03-23,140.82915106026502
2017-03-24,141.00455925583637
2017-03-27,141.43598345686547
2017-03-28,140.48712095756707
2017-03-29,139.82921254542416
2017-03-30,139.85858472827155
2017-03-31,140.29609902571082
2017-04-03,140.77314549229482
2017-04-04,140.53253607883522
2017-04-05,140.32783759245197
2017-04-06,140.139609647409
2017-04-07,139.90642219304087
2017-04-10,140.0206343231375
2017-04-11,140.2435546313426
2017-04-12,140.05879136982065
2017-04-13,140.04593037997162
2017-04-14,140.23047474740065
2017-04-17,139.21879567595667
2017-04-18,139.25173158196986
2017-04-19,139.61528373226147
2017-04-20,139.9199201345038
2017-04-21,140.31765917672243
2017-04-24,140.37885931829547
2017-04-25,139.90522672314947
2017-04-26,139.74484058305265
2017-04-27,139.5542657021412
2017-04-28,139.70975184312462
2017-05-01,140.09388417760366
2017-05-02,140.60689173125206
2017-05-03,140.56132309491028
2017-05-04,140.81014886769012
2017-05-05,139.98949731315935
2017-05-08,140.65640400360573
2017-05-09,140.29873090607836
2017-05-10,141.07534371941762
2017-05-11,141.1841917976579
2017-05-12,140.82670877486913
2017-05-15,140.8398163312507
2017-05-16,140.89853200797154
2017-05-17,140.86201654401185
2017-05-18,140.29305997044983
2017-05-19,140.71071515825076
2017-05-22,140.6979813927105
2017-05-23,141.06389518365026
2017-05-24,141.02870312424952
2017-05-25,141.43752021395272
2017-05-26,141.26375978560785
2017-05-29,141.47962691679217
2017-05-30,141.2734701951093
2017-05-31,142.119480344697
2017-06-01,142.9880064924933
2017-06-02,142.22925211475126
2017-06-05,142.40968535920044
2017-06-06,142.32108186037203
2017-06-07,142.1458627817285
2017-06-08,142.16476987460754
2017-06-09,141.6353589491889
2017-06-12,141.3662194019038
2017-06-13,141.36159472272746
2017-06-14,141.83103438038802
2017-06-15,142.57963609507868
2017-06-16,142.18784483876976
2017-06-19,142.13512598969882
2017-06-20,142.04199837390635
2017-06-21,142.08661217470103
2017-06-22,141.4035137189431
2017-06-23,141.97258812342673
2017-06-26,142.7713334191934
2017-06-27,143.30956203262588
2017-06-28,144.2043761262979
2017-06-29,143.95087682268638
2017-06-30,144.26449350609778
2017-07-03,144.11969494319104
2017-07-04,144.1408079252672
2017-07-05,144.14521458507954
2017-07-06,145.03755633454355
2017-07-07,146.08699719176434
2017-07-10,146.92089619973356
2017-07-11,147.7353846104232
2017-07-12,146.80217865172278
2017-07-13,147.11700212496083
2017-07-14,146.9654124949637
2017-07-17,147.14625881177642
2017-07-18,146.81126750284196
2017-07-19,147.5459689857026
2017-07-20,147.08788910235867
2017-07-21,146.79890259550214
2017-07-24,145.6502802625927
2017-07-25,145.18910494593743
2017-07-26,144.82086666108003
2017-07-27,144.49384942784442
2017-07-28,145.29245297211244
2017-07-31,144.22128864947055
2017-08-01,144.60965510836056
2017-08-02,144.58190776255609
2017-08-03,143.72208197016568
2017-08-04,143.54653596560482
2017-08-07,144.27771216264605
2017-08-08,143.17700255844903
2017-08-09,143.08362808605912
2017-08-10,143.57324602089793
2017-08-11,143.65625361972633
2017-08-14,143.58383969240774
2017-08-15,143.42498987385014
2017-08-16,143.44633004830126
2017-08-17,144.13738624733966
2017-08-18,143.54061640465073
2017-08-21,143.7735324513352
2017-08-22,143.95603622058871
2017-08-23,144.97240313769203
2017-08-24,144.81869912513258
2017-08-25,145.31178356674715
2017-08-28,145.31179906151087
2017-08-29,145.94753478006692
2017-08-30,145.5742347044935
2017-08-31,146.84499324826876
2017-09-01,146.10497928528034
2017-09-04,146.4426019521975
2017-09-05,145.68808696647218
2017-09-06,144.9818013199478
2017-09-07,145.24866821401983
2017-09-08,145.51145349395858
2017-09-11,145.5832638589417
2017-09-12,144.52556585974415
2017-09-13,145.11507691351866
2017-09-14,145.66383065336655
2017-09-15,145.39685610011878
2017-09-18,144.98786927723552
2017-09-19,143.88837453375947
2017-09-20,143.1225520316326
2017-09-21,143.52239846850813
2017-09-22,142.92983230587072
2017-09-25,143.47785663909576
2017-09-26,143.3724813008684
2017-09-27,143.54842053562786
2017-09-28,143.5170279472466
2017-09-29,144.03860993398342
2017-10-02,143.94933501597478
2017-10-03,143.78330861410285
2017-10-04,143.55377290475997
2017-10-05,144.19425474658152
2017-10-06,143.86458107787078
2017-10-09,144.19295033218697
2017-10-10,144.260390311952
2017-10-11,144.62254671746626
2017-10-12,145.18609815337882
2017-10-13,145.36757469516144
2017-10-16,145.22995296710806
2017-10-17,144.96064063568446
2017-10-18,145.0222246282587
2017-10-19,144.22066030567808
2017-10-20,144.10553455472163
2017-10-23,143.6698061664863
2017-10-24,143.5195100362879
2017-10-25,142.08155216965392
2017-10-26,142.1099605456164
2017-10-27,142.45255161818875
2017-10-30,141.34491744057672
2017-10-31,141.924295134256
2017-11-01,142.1910932771388
2017-11-02,141.80844785239944
2017-11-03,142.74303513127444
2017-11-06,143.36638614796564
2017-11-07,143.03191456800343
2017-11-08,143.25748034631474
2017-11-09,143.9689936143081
2017-11-10,144.87514005272126
2017-11-13,145.37063702824588
2017-11-14,143.78252824015385
2017-11-15,143.49211235895683
2017-11-16,143.12768246705696
2017-11-17,143.10939207887742
2017-11-20,143.7451416808107
2017-11-21,144.12922745561863
2017-11-22,144.27934676685038
2017-11-23,143.6887361779732
2017-11-24,143.5332881960501
2017-11-27,143.37935754781887
2017-11-28,143.39331936089218
2017-11-29,143.61321914412073
2017-11-30,143.02587767574155
2017-12-01,142.1587558009298
2017-12-04,141.62675516794076
2017-12-05,141.80446294812498
2017-12-06,141.72632331499105
2017-12-07,141.0324956426752
2017-12-08,140.69616979879734
2017-12-11,140.77237498946505
2017-12-12,141.33274171691988
2017-12-13,142.2625995883003
2017-12-14,142.2221794913186
2017-12-15,142.52423086063945
2017-12-18,141.70907091008087
2017-12-19,140.91110631509164
2017-12-20,141.41113354043796
2017-12-21,142.18898960435737
2017-12-22,142.02901768260386
2017-12-25,141.7796384547418
2017-12-26,142.30390411806712
2017-12-27,142.48244675224646
2017-12-28,142.0280076273554
2017-12-29,141.24215720710822
2018-01-01,142.24215720710822
2018-01-02,143.24215720710822
2018-01-03,144.24215720710822
2018-01-04,145.24215720710822
2018-01-05,146.24215720710822
2018-01-08,147.24215720710822
2018-01-09,148.24215720710822
2018-01-10,149.24215720710822
2018-01-11,150.24215720710822
2018-01-12,151.24215720710822
2018-01-15,152.24215720710822
2018-01-16,153.24215720710822
2018-01-17,154.24215720710822
2018-01-18,155.24215720710822
2018-01-19,156.24215720710822
2018-01-22,157.24215720710822
2018-01-23,158.24215720710822
2018-01-24,159.24215720710822
2018-01-25,160.24215720710822
2018-01-26,161.24215720710822
2018-01-29,162.24215720710822
2018-01-30,163.24215720710822
2018-01-31,164.24215720710822
2018-02-01,163.74215720710822
2018-02-02,163.24215720710822
2018-02-05,162.74215720710822
2018-02-06,162.24215720710822
2018-02-07,161.74215720710822
2018-02-08,161.24215720710822
2018-02-09,160.74215720710822
2018-02-12,160.24215720710822
2018-02-13,159.74215720710822
2018-02-14,159.24215720710822
2018-02-15,158.74215720710822
2018-02-16,158.24215720710822
2018-02-19,157.74215720710822
2018-02-20,157.24215720710822
2018-02-21,156.74215720710822
2018-02-22,156.24215720710822
2018-02-23,155.74215720710822
2018-02-26,155.24215720710822
2018-02-27,154.74215720710822
2018-02-28,154.24215720710822
2018-03-01,154.95365883007184
2018-03-02,154.70382127639712
2018-03-05,154.90981694657165
2018-03-06,154.86013545491124
2018-03-07,155.05881238207414
2018-03-08,154.59721064380892
2018-03-09,154.41423310271432
2018-03-12,154.067985521905
2018-03-13,154.35688259217653
2018-03-14,153.67737968630993
2018-03-15,153.6627993959253
2018-03-16,153.62585605918693
2018-03-19,153.0994444622426
2018-03-20,152.84923869509132
2018-03-21,153.13547867182797
2018-03-22,153.22557913733786
2018-03-23,153.46063755106508
2018-03-26,153.54115405380014
2018-03-27,153.0012123014499
2018-03-28,153.0210301762333
2018-03-29,152.76588111302033
2018-03-30,153.27726886727152
2018-04-02,153.68568027488925
2018-04-03,153.8171954137308
2018-04-04,153.59612885971273
2018-04-05,153.51161992482002
2018-04-06,153.4449535609415
2018-04-09,153.74989407502036
2018-04-10,153.60848095828572
2018-04-11,153.66541259034597
2018-04-12,152.98497135626343
2018-04-13,152.75641921838553
2018-04-16,152.6601308862705
2018-04-17,152.25279638207974
2018-04-18,152.2890829515526
2018-04-19,152.57875123516942
2018-04-20,152.01647945187378
2018-04-23,152.00322934626294
2018-04-24,152.55646101559196
2018-04-25,152.2473256535576
2018-04-26,152.08935315624623
2018-04-27,151.682838069392
2018-04-30,152.95125278375053
2018-05-01,152.9449576479317
2018-05-02,153.14892681201403
2018-05-03,152.83732031656103
2018-05-04,152.79242831097562
2018-05-07,152.14416214811226
2018-05-08,151.41409199880394
2018-05-09,152.09618670384927
2018-05-10,152.24381042545502
2018-05-11,151.95775215655283
2018-05-14,152.26503806027506
2018-05-15,151.69645324772168
2018-05-16,151.28401217762965
2018-05-17,151.37753204044213
2018-05-18,150.92547137366853
2018-05-21,151.0854409543563
2018-05-22,150.55529303731862
2018-05-23,150.7417589090387
2018-05-24,150.73182314238747
2018-05-25,150.20629871461603
2018-05-28,150.71016176931255
2018-05-29,151.06644679396734
2018-05-30,150.70287471482646
2018-05-31,150.74662854665468
2018-06-01,151.26825617085242
2018-06-04,151.61188938755444
2018-06-05,151.5874757015073
2018-06-06,150.9426391862467
2018-06-07,150.69629215765693
2018-06-08,150.66161427909933
2018-06-11,150.905148131364
2018-06-12,151.35506767405383
2018-06-13,151.6274966032846
2018-06-14,151.26611914706268
2018-06-15,151.44644672588382
2018-06-18,152.06320552754664
2018-06-19,152.62321416445909
2018-06-20,152.5028825766886
2018-06-21,151.88823216787716
2018-06-22,152.79223592382715
2018-06-25,152.3948453150213
2018-06-26,153.39058302195926
2018-06-27,153.8014640353765
2018-06-28,154.47678216473471
2018-06-29,154.27203831305238
2018-07-02,154.9270692194627
2018-07-03,154.4483817773147
2018-07-04,154.9751034595087
2018-07-05,155.69903479789906
2018-07-06,154.70441786068528
2018-07-09,154.6831287496144
2018-07-10,154.6302886779057
2018-07-11,154.81190720577737
2018-07-12,154.516187455095
2018-07-13,154.58720116506072
2018-07-16,155.45008569146862
2018-07-17,155.0423563374157
2018-07-18,153.73505378816805
2018-07-19,153.96212885413564
2018-07-20,154.64384055597438
2018-07-23,154.73743940725126
2018-07-24,154.3057642320321
2018-07-25,155.0313279743521
2018-07-26,154.9293962533306
2018-07-27,155.24988137690448
2018-07-30,155.64832025847747
2018-07-31,156.16741310805494
2018-08-01,156.15254555286353
2018-08-02,155.6525115158237
2018-08-03,155.03700672391392
2018-08-06,154.91285149229475
2018-08-07,155.0965177534048
2018-08-08,154.5132736556536
2018-08-09,154.54930910611577
2018-08-10,154.77517449074202
2018-08-13,153.92013270049983
2018-08-14,154.42391556848352
2018-08-15,153.91041108887856
2018-08-16,153.36994181366725
2018-08-17,153.70784991173127
2018-08-20,152.9012224689233
2018-08-21,152.76135030966432
2018-08-22,152.490300051272
2018-08-23,152.52608525217573
2018-08-24,151.70177498769755
2018-08-27,151.7958026991635
2018-08-28,151.67101773419125
2018-08-29,151.96817549688564
2018-08-30,151.6156060785123
2018-08-31,151.45408959790066
2018-09-03,152.65595604823437
2018-09-04,152.13339790514274
2018-09-05,152.14221097754935
2018-09-06,152.39062936041785
2018-09-07,152.10338090476313
2018-09-10,151.85489247860457
2018-09-11,152.4174447242789
2018-09-12,153.22752104924206
2018-09-13,153.21237435335624
2018-09-14,153.28940298252118
2018-09-17,153.71167375099387
2018-09-18,153.6825414308323
2018-09-19,154.2645252975611
2018-09-20,154.07173778427116
2018-09-21,155.1330488588726
2018-09-24,154.69419449848291
2018-09-25,154.52492492274948
2018-09-26,154.37102762388523
2018-09-27,154.74442634824547
2018-09-28,155.5398628574078
2018-10-01,155.90542920527903
2018-10-02,155.85771200924003
2018-10-03,156.04257826695255
2018-10-04,156.0422850357511
2018-10-05,155.98627977008252
2018-10-08,155.86918555954105
2018-10-09,156.3697922511471
2018-10-10,156.42880000543113
2018-10-11,155.91035342239394
2018-10-12,155.7329245284869
2018-10-15,155.80849121707888
2018-10-16,155.5474230522692
2018-10-17,154.3855148952803
2018-10-18,154.2144091099182
2018-10-19,154.67421079332132
2018-10-22,153.91501552727541
2018-10-23,154.09855555531126
2018-10-24,153.7377966538214
2018-10-25,154.14927211606144
2018-10-26,154.2350110093322
2018-10-29,155.3606678179396
2018-10-30,155.8233469680676
2018-10-31,155.6192938546914
2018-11-01,155.75952181403082
2018-11-02,155.3768932644739
2018-11-05,154.73357905339503
2018-11-06,153.83199797025463
2018-11-07,153.23918149136895
2018-11-08,153.48846854174548
2018-11-09,153.64979306610428
2018-11-12,154.646052021796
2018-11-13,154.37069783116408
2018-11-14,154.9231084195427
2018-11-15,155.67573408721563
2018-11-16,155.54230245163177
2018-11-19,155.70173785815467
2018-11-20,156.15235732475026
2018-11-21,155.8037436860775
2018-11-22,155.83254360304468
2018-11-23,156.09445097739953
2018-11-26,156.29270482819405
2018-11-27,156.10494160334744
2018-11-28,155.67512533032726
2018-11-29,154.84899237623614
2018-11-30,155.50269191458037
2018-12-03,155.35700838079674
2018-12-04,155.31331692575847
2018-12-05,155.62653571001334
2018-12-06,154.92851049079624
2018-12-07,154.658335371655
2018-12-10,155.00088917038275
2018-12-11,155.17112067385622
2018-12-12,154.95644728077724
2018-12-13,154.46191215558056
2018-12-14,153.70866412578187
2018-12-17,154.66449076882841
2018-12-18,154.64070628901624
2018-12-19,155.1539014099638
2018-12-20,154.14934526118384
2018-12-21,154.07423620938403
2018-12-24,154.78202769591638
2018-12-25,154.50922009593017
2018-12-26,155.22498730440145
2018-12-27,154.84682279492725
2018-12-28,155.55974002747
2018-12-31,156.61751990895627
2019-01-01,157.61751990895627
2019-01-02,158.61751990895627
2019-01-03,159.61751990895627
2019-01-04,160.61751990895627
2019-01-07,161.61751990895627
2019-01-08,162.61751990895627
2019-01-09,163.61751990895627
2019-01-10,164.61751990895627
2019-01-11,165.61751990895627
2019-01-14,166.61751990895627
2019-01-15,167.61751990895627
2019-01-16,168.61751990895627
2019-01-17,169.61751990895627
2019-01-18,170.61751990895627
2019-01-21,171.61751990895627
2019-01-22,172.61751990895627
2019-01-23,173.61751990895627
2019-01-24,174.61751990895627
2019-01-25,175.61751990895627
2019-01-28,176.61751990895627
2019-01-29,177.61751990895627
2019-01-30,178.61751990895627
2019-01-31,179.61751990895627
2019-02-01,179.11751990895627
2019-02-04,178.61751990895627
2019-02-05,178.11751990895627
2019-02-06,177.61751990895627
2019-02-07,177.11751990895627
2019-02-08,176.61751990895627
2019-02-11,176.11751990895627
2019-02-12,175.61751990895627
2019-02-13,175.11751990895627
2019-02-14,174.61751990895627
2019-02-15,174.11751990895627
2019-02-18,173.61751990895627
2019-02-19,173.11751990895627
2019-02-20,172.61751990895627
2019-02-21,172.11751990895627
2019-02-22,171.61751990895627
2019-02-25,171.11751990895627
2019-02-26,170.61751990895627
2019-02-27,170.11751990895627
2019-02-28,169.61751990895627
2019-03-01,169.66037065037025
2019-03-04,169.25560328482223
2019-03-05,169.97235147355966
2019-03-06,169.8077147397304
2019-03-07,169.66664987931156
2019-03-08,169.15387035689577
2019-03-11,169.1614724223213
2019-03-12,169.40137793049314
2019-03-13,169.66303319365667
2019-03-14,169.62034361611325
2019-03-15,169.85270065227039
2019-03-18,170.0871121727832
2019-03-19,169.98897512166772
2019-03-20,170.1031045228898
2019-03-21,170.01792829160405
2019-03-22,169.86895802219414
2019-03-25,169.53232730613115
2019-03-26,168.51290170040966
2019-03-27,169.05144996854605
2019-03-28,169.00773343575577
2019-03-29,168.56470897512847
2019-04-01,167.76180309156
2019-04-02,167.59534589100556
2019-04-03,167.21781935328602
2019-04-04,166.84901347713642
2019-04-05,167.0156312051473
2019-04-08,166.95173570276506
2019-04-09,166.1838250006788
2019-04-10,165.4010490157159
2019-04-11,165.40640886154216
2019-04-12,165.27682804300048
2019-04-15,165.47237387503228
2019-04-16,165.62150078484035
2019-04-17,165.56782026708544
2019-04-18,165.21552392560574
2019-04-19,165.86012786771266
2019-04-22,164.92020796777658
2019-04-23,165.22676755594193
2019-04-24,165.02499373037682
2019-04-25,165.0350509214703
2019-04-26,165.78044376803322
2019-04-29,165.33956076002306
2019-04-30,165.57313127148754
2019-05-01,165.12231652860282
2019-05-02,165.83684581033611
2019-05-03,165.91429142517686
2019-05-06,166.44570262953275
2019-05-07,166.0149144096959
2019-05-08,165.7729916549893
2019-05-09,165.42199980992342
2019-05-10,165.74206738384802
2019-05-13,165.0661402241355
2019-05-14,164.78707644725705
2019-05-15,165.5953336105608
2019-05-16,166.3187129742183
2019-05-17,166.79378434258874
2019-05-20,166.3768459855192
2019-05-21,165.9750100712193
2019-05-22,165.70170297323085
2019-05-23,165.1938747946577
2019-05-24,164.85440576516658
2019-05-27,164.86142606346627
2019-05-28,165.20285336692478
2019-05-29,165.3848427407853
2019-05-30,165.83158501707257
2019-05-31,166.3680197436805
2019-06-03,166.74037464120966
2019-06-04,167.11943965592712
2019-06-05,167.15314914679254
2019-06-06,166.91136425804052
2019-06-07,167.35883939310355
2019-06-10,167.2026592853907
2019-06-11,166.88514404835763
2019-06-12,165.95333507152657
2019-06-13,166.0772634969787
2019-06-14,166.4746072281978
2019-06-17,166.4460161596955
2019-06-18,166.78605904938485
2019-06-19,166.25058833523684
2019-06-20,166.14505452865944
2019-06-21,166.8209858381725
2019-06-24,166.67456793118828
2019-06-25,166.90881019132237
2019-06-26,167.51748749511174
2019-06-27,166.8316535876416
2019-06-28,167.37289441557706
2019-07-01,167.75609808557803
2019-07-02,166.61012570986293
2019-07-03,166.4573368457162
2019-07-04,166.64245074860779
2019-07-05,166.57188281773773
2019-07-08,166.6645908505004
2019-07-09,166.40423451027905
2019-07-10,166.18904498973285
2019-07-11,166.57807755876442
2019-07-12,166.34065360740445
2019-07-15,166.96399268111458
2019-07-16,166.4344700844151
2019-07-17,166.16703606100114
2019-07-18,166.33757612225332
2019-07-19,165.9730758491407
2019-07-22,165.94187803431242
2019-07-23,165.24151860388835
2019-07-24,165.6061183836759
2019-07-25,165.29186834986785
2019-07-26,165.60315324254734
2019-07-29,165.7586362861031
2019-07-30,166.59246485979875
2019-07-31,166.12564036087872
2019-08-01,166.52572115653172
2019-08-02,166.57413279544934
2019-08-05,166.31641521722767
2019-08-06,167.40658904128176
2019-08-07,166.61064556038556
2019-08-08,165.84973018512434
2019-08-09,166.4424477724582
2019-08-12,166.2816771380207
2019-08-13,166.96919175180145
2019-08-14,167.03023759026863
2019-08-15,166.64103608173144
2019-08-16,167.09407811206145
2019-08-19,167.0490470111344
2019-08-20,166.73444864309695
2019-08-21,166.78889298707546
2019-08-22,167.07266581630634
2019-08-23,168.28486955250403
2019-08-26,168.23072661232135
2019-08-27,168.39486903950043
2019-08-28,169.08043376295848
2019-08-29,170.09215897638188
2019-08-30,169.79451125927866
2019-09-02,169.81833763834356
2019-09-03,169.6753345238264
2019-09-04,169.71151358322413
2019-09-05,170.15117303340773
2019-09-06,170.69056516753506
2019-09-09,171.08857628966308
2019-09-10,171.2916316336484
2019-09-11,170.91096070524264
2019-09-12,170.51314333514918
2019-09-13,170.48347116754238
2019-09-16,169.93077539574227
2019-09-17,169.61526037519414
2019-09-18,169.37712048224068
2019-09-19,169.40179255152188
2019-09-20,170.03071827736412
2019-09-23,169.71036820513285
2019-09-24,170.2736100135182
2019-09-25,170.5622605462606
2019-09-26,170.84627638275785
2019-09-27,171.57824252536759
2019-09-30,171.46919732448296
2019-10-01,171.40112682620753
2019-10-02,170.6891177495303
2019-10-03,170.95891720462285
2019-10-04,170.6010425662403
2019-10-07,170.86966206669982
2019-10-08,171.36344883677592
2019-10-09,171.34614149545553
2019-10-10,170.56096174360457
2019-10-11,170.67490047635656
2019-10-14,169.39497650625384
2019-10-15,169.21112438167114
2019-10-16,168.981140032372
2019-10-17,169.04657540327025
2019-10-18,168.96662542250274
2019-10-21,168.3550954170231
2019-10-22,168.40273874505718
2019-10-23,168.93823844391645
2019-10-24,169.100254573199
2019-10-25,168.18652287972853
2019-10-28,168.25699821874449
2019-10-29,168.85920713086938
2019-10-30,168.51288326812582
2019-10-31,168.48875479411592
2019-11-01,167.926717270762
2019-11-04,167.8223807374007
2019-11-05,167.40536514653007
2019-11-06,167.63171810863543
2019-11-07,167.19078317915927
2019-11-08,166.85266065723954
2019-11-11,166.89497800243
2019-11-12,166.49465449242692
2019-11-13,166.40881390924142
2019-11-14,166.85793967964185
2019-11-15,167.3755413457003
2019-11-18,166.89496644394282
2019-11-19,168.19229670767112
2019-11-20,168.75310938661545
2019-11-21,168.29929097686852
2019-11-22,168.47639846811256
2019-11-25,168.43491619667822
2019-11-26,168.37981718254014
2019-11-27,168.65064426212723
2019-11-28,168.88677526457514
2019-11-29,168.3469968436095
2019-12-02,168.27921387857737
2019-12-03,167.63711412351753
2019-12-04,167.74220247585302
2019-12-05,166.8142870395148
2019-12-06,166.77626400118905
2019-12-09,166.10978910550173
2019-12-10,166.3854502409623
2019-12-11,166.834691475415
2019-12-12,167.00477696804722
2019-12-13,167.02358969966272
2019-12-16,166.88956566501804
2019-12-17,166.55479420339557
2019-12-18,166.36581141384457
2019-12-19,166.56736648451684
2019-12-20,166.09394947564076
2019-12-23,166.3116625418397
2019-12-24,166.3345665178346
2019-12-25,166.4526132110495
2019-12-26,166.0867329738979
2019-12-27,166.53609897219712
2019-12-30,166.29151180475574
2019-12-31,166.45393251297975
2020-01-01,167.45393251297975
2020-01-02,168.45393251297975
2020-01-03,169.45393251297975
2020-01-06,170.45393251297975
2020-01-07,171.45393251297975
2020-01-08,172.45393251297975
2020-01-09,173.45393251297975
2020-01-10,174.45393251297975
2020-01-13,175.45393251297975
2020-01-14,176.45393251297975
2020-01-15,177.45393251297975
2020-01-16,178.45393251297975
2020-01-17,179.45393251297975
2020-01-20,180.45393251297975
2020-01-21,181.45393251297975
2020-01-22,182.45393251297975
2020-01-23,183.45393251297975
2020-01-24,184.45393251297975
2020-01-27,185.45393251297975
2020-01-28,186.45393251297975
2020-01-29,187.45393251297975
2020-01-30,188.45393251297975
2020-01-31,189.45393251297975
2020-02-03,188.95393251297975
2020-02-04,188.45393251297975
2020-02-05,187.95393251297975
2020-02-06,187.45393251297975
2020-02-07,186.95393251297975
2020-02-10,186.45393251297975
2020-02-11,185.95393251297975
2020-02-12,185.45393251297975
2020-02-13,184.95393251297975
2020-02-14,184.45393251297975
2020-02-17,183.95393251297975
2020-02-18,183.45393251297975
2020-02-19,182.95393251297975
2020-02-20,182.45393251297975
2020-02-21,181.95393251297975
2020-02-24,181.45393251297975
2020-02-25,180.95393251297975
2020-02-26,180.45393251297975
2020-02-27,179.95393251297975
2020-02-28,179.45393251297975
2020-03-02,178.61346698778567
2020-03-03,178.9829230048811
2020-03-04,178.30894292972343
2020-03-05,178.32450038754817
2020-03-06,178.07987755690203
2020-03-09,178.6535024466831
2020-03-10,178.29877723891022
2020-03-11,179.18287712972526
2020-03-12,179.90574913500978
2020-03-13,179.9448431088731
2020-03-16,179.75291612707474
2020-03-17,179.59442720438784
2020-03-18,179.62891927981372
2020-03-19,179.42166065636727
2020-03-20,179.61251803246887
2020-03-23,179.83518362789238
2020-03-24,179.3443152958791
2020-03-25,180.16565467846505
2020-03-26,180.28348343019442
2020-03-27,180.2638772151184
2020-03-30,181.32286715795325
2020-03-31,181.32149075723828
2020-04-01,182.17167512678418
2020-04-02,182.42586396763815
2020-04-03,182.41367971737787
2020-04-06,181.81887012929008
2020-04-07,181.06064389648483
2020-04-08,181.6447329348576
2020-04-09,181.76405793869557
2020-04-10,181.71755942511388
2020-04-13,181.673085811301
2020-04-14,182.22333932619836
2020-04-15,182.1909267175101
2020-04-16,182.01250086267908
2020-04-17,183.06026315272172
2020-04-20,183.6966706628216
2020-04-21,183.9700172083468
2020-04-22,182.79166736510328
2020-04-23,183.10118041434708
2020-04-24,183.1311635974074
2020-04-27,183.45494610046813
2020-04-28,184.23925537807585
2020-04-29,184.06058494981775
2020-04-30,184.00796452494225
2020-05-01,184.02146680003284
2020-05-04,184.82241465015548
2020-05-05,184.14253035984134
2020-05-06,183.01209137637423
2020-05-07,183.88749915043664
2020-05-08,183.57831648517805
2020-05-11,183.55901800547937
2020-05-12,183.3838629859809
2020-05-13,183.93284166903334
2020-05-14,184.1323684632472
2020-05-15,184.67158163741993
2020-05-18,184.7406388028272
2020-05-19,184.9857008507485
2020-05-20,185.33151001355677
2020-05-21,185.2437265745466
2020-05-22,185.41590411515983
2020-05-25,185.22744997118593
2020-05-26,185.8405545964788
2020-05-27,186.31916438744668
2020-05-28,187.16543292584868
2020-05-29,187.50877017082377
2020-06-01,187.51396752699745
2020-06-02,187.46728719398027
2020-06-03,187.77852089148254
2020-06-04,187.0400905375401
2020-06-05,187.3982610599282
2020-06-08,187.09175451412088
2020-06-09,187.22542503012963
2020-06-10,186.89561245515085
2020-06-11,187.32163107618348
2020-06-12,186.96809703795947
2020-06-15,187.15173009188027
2020-06-16,186.67668432213736
2020-06-17,186.8939269775898
2020-06-18,186.45798337346224
2020-06-19,187.33059057553575
2020-06-22,186.48913529931556
2020-06-23,186.40739645924563
2020-06-24,187.15632706429525
2020-06-25,187.10362858670567
2020-06-26,187.47671043188205
2020-06-29,187.44759053504845
2020-06-30,187.5957926862514
2020-07-01,187.15684726989656
2020-07-02,187.0205514628736
2020-07-03,187.85442994319928
2020-07-06,187.9669439981971
2020-07-07,187.67165930528375
2020-07-08,188.29681937375753
2020-07-09,187.7896654992615
2020-07-10,188.22370155402726
2020-07-13,188.5484633814522
2020-07-14,187.56341925684885
2020-07-15,187.37990717159477
2020-07-16,187.5881068517335
2020-07-17,187.7706251936044
2020-07-20,187.68981033259718
2020-07-21,187.44140977501635
2020-07-22,186.73922755256172
2020-07-23,186.97124765600424
2020-07-24,186.30430081277058
2020-07-27,186.59047630191233
2020-07-28,187.06254894574224
2020-07-29,187.0126472398039
2020-07-30,186.82237288728084
2020-07-31,186.77874085556294
2020-08-03,186.70930585252515
2020-08-04,186.33380805851968
2020-08-05,186.0851016367349
2020-08-06,185.6004055346298
2020-08-07,185.59230471560656
2020-08-10,185.33269901143208
2020-08-11,184.807175636853
2020-08-12,184.53586181999455
2020-08-13,184.35818691319156
2020-08-14,184.6927612737327
2020-08-17,184.53442605741412
2020-08-18,185.37390258282738
2020-08-19,185.39502585720578
2020-08-20,185.05482039523525
2020-08-21,184.3887394386448
2020-08-24,183.3981486418848
2020-08-25,183.6077007926776
2020-08-26,184.15687993580627
2020-08-27,183.81575233296613
2020-08-28,184.4870237557674
2020-08-31,183.8482634845117
2020-09-01,183.0968515658888
2020-09-02,182.903963931098
2020-09-03,183.15124546858223
2020-09-04,182.99133776508077
2020-09-07,182.47909399514842
2020-09-08,182.84527247107118
2020-09-09,183.5854774644494
2020-09-10,183.94847040722036
2020-09-11,183.60314216992936
2020-09-14,183.6919164284239
2020-09-15,183.78872755555764
2020-09-16,183.0258390186518
2020-09-17,182.87415023282713
2020-09-18,183.3657407916408
2020-09-21,183.36681057696535
2020-09-22,183.32170056776081
2020-09-23,182.86299936992847
2020-09-24,183.1517266435096
2020-09-25,183.26000708096856
2020-09-28,183.30171149597362
2020-09-29,184.24277033968514
2020-09-30,185.01367598800192
2020-10-01,185.0310233939696
2020-10-02,185.79804286346047
2020-10-05,187.22460004052587
2020-10-06,187.22487708030422
2020-10-07,187.74171661241948
2020-10-08,188.5369411347103
2020-10-09,188.02422108975765
2020-10-12,187.01103723648825
2020-10-13,187.5835296645662
2020-10-14,187.09486061754149
2020-10-15,186.91318460504752
2020-10-16,186.8400500924413
2020-10-19,186.5675749578513
2020-10-20,186.76357427043192
2020-10-21,187.85831652752026
2020-10-22,187.83752636758075
2020-10-23,188.68827580722814
2020-10-26,188.68634676122937
2020-10-27,189.12538336602984
2020-10-28,189.20441508240498
2020-10-29,188.8447305606435
2020-10-30,188.25568744382596
2020-11-02,188.0530545824836
2020-11-03,187.98871329418517
2020-11-04,188.3312529385116
2020-11-05,187.7472450798929
2020-11-06,187.18823786901996
2020-11-09,187.33974265810585
2020-11-10,187.7067212073656
2020-11-11,187.8738325850546
2020-11-12,187.43148505862015
2020-11-13,187.12502070794102
2020-11-16,186.31006710126874
2020-11-17,185.83810218882962
2020-11-18,186.3077500131259
2020-11-19,185.91740428979338
2020-11-20,186.52831812989922
2020-11-23,186.40094888555726
2020-11-24,185.65826073531542
2020-11-25,185.65044643948568
2020-11-26,186.27516023920944
2020-11-27,185.9247123095733
2020-11-30,185.86961306013262
2020-12-01,186.83604770306246
2020-12-02,186.55316938619066
2020-12-03,186.44127114277399
2020-12-04,187.01023589864565
2020-12-07,187.1416322913635
2020-12-08,187.25240535623246
2020-12-09,187.07703513865218
2020-12-10,186.17076860356164
2020-12-11,187.06352084414732
2020-12-14,186.94090896630993
2020-12-15,186.83201893723952
2020-12-16,186.91825342630753
2020-12-17,186.700752751655
2020-12-18,186.93226833811337
2020-12-21,185.83735935427237
2020-12-22,186.45274072238354
2020-12-23,186.55449577383757
2020-12-24,186.81711214316036
2020-12-25,187.04319438006786
2020-12-28,187.64050448027336
2020-12-29,187.11244505013576
2020-12-30,186.56097282236004
2020-12-31,186.77205041792377
2021-01-01,187.77205041792377
2021-01-04,188.77205041792377
2021-01-05,189.77205041792377
2021-01-06,190.77205041792377
2021-01-07,191.77205041792377
2021-01-08,192.77205041792377
2021-01-11,193.77205041792377
2021-01-12,194.77205041792377
2021-01-13,195.77205041792377
2021-01-14,196.77205041792377
2021-01-15,197.77205041792377
2021-01-18,198.77205041792377
2021-01-19,199.77205041792377
2021-01-20,200.77205041792377
2021-01-21,201.77205041792377
2021-01-22,202.77205041792377
2021-01-25,203.77205041792377
2021-01-26,204.77205041792377
2021-01-27,205.77205041792377
2021-01-28,206.77205041792377
2021-01-29,207.77205041792377
2021-02-01,207.27205041792377
2021-02-02,206.77205041792377
2021-02-03,206.27205041792377
2021-02-04,205.77205041792377
2021-02-05,205.27205041792377
2021-02-08,204.77205041792377
2021-02-09,204.27205041792377
2021-02-10,203.77205041792377
2021-02-11,203.27205041792377
2021-02-12,202.77205041792377
2021-02-15,202.27205041792377
2021-02-16,201.77205041792377
2021-02-17,201.27205041792377
2021-02-18,200.77205041792377
2021-02-19,200.27205041792377
2021-02-22,199.77205041792377
2021-02-23,199.27205041792377
2021-02-24,198.77205041792377
2021-02-25,198.27205041792377
2021-02-26,197.77205041792377
2021-03-01,197.5666304708227
2021-03-02,197.9601858083604
2021-03-03,198.67701303391473
2021-03-04,200.02403981288398
2021-03-05,200.79417569178275
2021-03-08,200.77983731848218
2021-03-09,200.6790981966284
2021-03-10,200.6994115909831
2021-03-11,200.66866979362842
2021-03-12,200.19582802000377
2021-03-15,199.78690427632432
2021-03-16,200.13294045001186
2021-03-17,201.00331902325775
2021-03-18,200.3335163212745
2021-03-19,200.6144096478701
2021-03-22,200.3582489738029
2021-03-23,200.47142518842662
2021-03-24,200.823033987648
2021-03-25,200.3655942290605
2021-03-26,200.8972677451395
2021-03-29,200.73779841577016
2021-03-30,200.55400827109003
2021-03-31,201.1232300368828
2021-04-01,201.86571309279756
2021-04-02,201.61396274945795
2021-04-05,201.68176658601848
2021-04-06,201.30876956621412
2021-04-07,201.73973727112474
2021-04-08,200.5647883160432
2021-04-09,200.13473611772318
2021-04-12,200.6922352527063
2021-04-13,200.37648138449262
2021-04-14,200.7791670589863
2021-04-15,201.09628165162783
2021-04-16,200.73996531559646
2021-04-19,200.72312429945808
2021-04-20,199.99155429353667
2021-04-21,199.5846357686632
2021-04-22,199.29929024570993
2021-04-23,199.22065565294426
2021-04-26,199.36926314178078
2021-04-27,199.02519357038284
2021-04-28,199.53443434207765
2021-04-29,198.83980305445513
2021-04-30,200.05265846055175
2021-05-03,199.52073469300137
2021-05-04,199.38505227217976
2021-05-05,198.66836493373205
2021-05-06,198.50810143870174
2021-05-07,199.0369306726944
2021-05-10,199.07669197596115
2021-05-11,198.80409535740299
2021-05-12,199.1136855514451
2021-05-13,199.31163928860536
2021-05-14,199.3226267140723
2021-05-17,199.4063798744421
2021-05-18,199.67958826582847
2021-05-19,199.44367158831065
2021-05-20,199.40863350995372
2021-05-21,200.13736996043505
2021-05-24,200.26897354152214
2021-05-25,200.29255236307282
2021-05-26,201.04503061089974
2021-05-27,200.29268590356804
2021-05-28,200.1311093053333
2021-05-31,200.60288662986645
2021-06-01,201.3686691607593
2021-06-02,200.7199820403483
2021-06-03,201.50317675385446
2021-06-04,201.7985472175257
2021-06-07,202.07538416004985
2021-06-08,201.56640917177066
2021-06-09,202.07485130161757
2021-06-10,203.09960730807006
2021-06-11,203.268192594862
2021-06-14,203.0809962755603
2021-06-15,202.5324012127946
2021-06-16,201.92707291216374
2021-06-17,201.57334585786876
2021-06-18,200.6525012345786
2021-06-21,200.3050476908243
2021-06-22,199.71762302973576
2021-06-23,200.08182962162596
2021-06-24,199.35678281455253
2021-06-25,199.13626356574565
2021-06-28,198.35247604616552
2021-06-29,197.90524288085092
2021-06-30,198.14949430265588
2021-07-01,198.13289126568608
2021-07-02,197.90571420771806
2021-07-05,198.12716770494276
2021-07-06,198.09880797790538
2021-07-07,199.40529400076562
2021-07-08,200.14859955447656
2021-07-09,199.50658579473495
2021-07-12,200.15261161463008
2021-07-13,199.8591181139334
2021-07-14,199.75960989641624
2021-07-15,199.8390387157779
2021-07-16,199.0359416396662
2021-07-19,199.7712324799451
2021-07-20,200.3585983953162
2021-07-21,200.2586918219457
2021-07-22,200.4812500598355
2021-07-23,201.26210499807962
2021-07-26,200.72944320429747
2021-07-27,201.36293818382285
2021-07-28,200.85897524765883
2021-07-29,200.35088826148913
2021-07-30,200.4833243977738
2021-08-02,200.31859685882387
2021-08-03,199.08311947732048
2021-08-04,198.8034981846625
2021-08-05,198.89509010410342
2021-08-06,198.8324272686592
2021-08-09,199.51760942437775
2021-08-10,200.36375656469824
2021-08-11,200.7483658820779
2021-08-12,200.4924666232711
2021-08-13,200.71110183541103
2021-08-16,200.18109697732493
2021-08-17,200.63095870306591
2021-08-18,201.0068673505894
2021-08-19,200.6298283512103
2021-08-20,200.41652504249598
2021-08-23,200.41513827492759
2021-08-24,201.4225547580819
2021-08-25,200.81582920229084
2021-08-26,200.4355405288587
2021-08-27,200.4258918321496
2021-08-30,200.94643447418028
2021-08-31,200.58030964012
2021-09-01,200.98384232766176
2021-09-02,201.35187975634477
2021-09-03,201.16203792399264
2021-09-06,200.69111874097024
2021-09-07,200.32659087826937
2021-09-08,200.15612594331495
2021-09-09,199.77012013635792
2021-09-10,199.69872563643438
2021-09-13,199.82537469228146
2021-09-14,200.11160558509968
2021-09-15,200.57302710030194
2021-09-16,200.31746509581663
2021-09-17,199.98764196415158
2021-09-20,200.69748737358756
2021-09-21,200.27761979010342
2021-09-22,199.97614015085378
2021-09-23,199.5370978338397
2021-09-24,199.99108866135705
2021-09-27,200.62716038554998
2021-09-28,201.02486609010234
2021-09-29,200.859221349378
2021-09-30,201.07367274228946
2021-10-01,201.41996555701323
2021-10-04,201.14395279668565
2021-10-05,201.81811459772115
2021-10-06,201.73238142391847
2021-10-07,202.60159009441236
2021-10-08,202.8147185923852
2021-10-11,202.36698732120848
2021-10-12,202.77995122487818
2021-10-13,203.19930118731855
2021-10-14,202.99521086008835
2021-10-15,203.30214342038562
2021-10-18,202.56785147636052
2021-10-19,202.3370729907129
2021-10-20,202.99824493294074
2021-10-21,203.04682049056532
2021-10-22,203.16002176120696
2021-10-25,202.739719874106
2021-10-26,202.15761277192993
2021-10-27,202.1309825385443
2021-10-28,201.66807232166056
2021-10-29,201.6091161253915
2021-11-01,202.2593935776252
2021-11-02,202.3780914862923
2021-11-03,202.4216183129006
2021-11-04,203.06947857716656
2021-11-05,202.9646606579792
2021-11-08,203.02308414548193
2021-11-09,203.12821689012836
2021-11-10,202.50743357570377
2021-11-11,203.25770236615725
2021-11-12,202.76756557510728
2021-11-15,203.03279499987073
2021-11-16,201.75169163905457
2021-11-17,201.60601859616318
2021-11-18,200.7469603522535
2021-11-19,200.51516210201763
2021-11-22,200.8974137686383
2021-11-23,200.95587092438646
2021-11-24,200.8085654893348
2021-11-25,200.46130175808705
2021-11-26,200.68259897366303
2021-11-29,200.59155961804342
2021-11-30,200.13175676959796
2021-12-01,200.16889249367838
2021-12-02,199.9233840741183
2021-12-03,198.68000235357022
2021-12-06,199.30129933677145
2021-12-07,199.02280949505084
2021-12-08,199.46463144575782
2021-12-09,199.49764106696097
2021-12-10,199.86519094270392
2021-12-13,199.51788587391866
2021-12-14,199.73800948332732
2021-12-15,199.98771381242082
2021-12-16,200.3760827399463
2021-12-17,200.14879205292516
2021-12-20,200.19414490114653
2021-12-21,200.95700465141326
2021-12-22,201.21005057121909
2021-12-23,201.48453567692883
2021-12-24,201.34097384495988
2021-12-27,201.1101220485412
2021-12-28,200.88143414232067
2021-12-29,201.1604195340633
2021-12-30,200.85361860246678
2021-12-31,200.63248679184326
2022-01-03,201.63248679184326
2022-01-04,202.63248679184326
2022-01-05,203.63248679184326
2022-01-06,204.63248679184326
2022-01-07,205.63248679184326
2022-01-10,206.63248679184326
2022-01-11,207.63248679184326
2022-01-12,208.63248679184326
2022-01-13,209.63248679184326
2022-01-14,210.63248679184326
2022-01-17,211.63248679184326
2022-01-18,212.63248679184326
2022-01-19,213.63248679184326
2022-01-20,214.63248679184326
2022-01-21,215.63248679184326
2022-01-24,216.63248679184326
2022-01-25,217.63248679184326
2022-01-26,218.63248679184326
2022-01-27,219.63248679184326
2022-01-28,220.63248679184326
2022-01-31,221.63248679184326
2022-02-01,221.13248679184326
2022-02-02,220.63248679184326
2022-02-03,220.13248679184326
2022-02-04,219.63248679184326
2022-02-07,219.13248679184326
2022-02-08,218.63248679184326
2022-02-09,218.13248679184326
2022-02-10,217.63248679184326
2022-02-11,217.13248679184326
2022-02-14,216.63248679184326
2022-02-15,216.13248679184326
2022-02-16,215.63248679184326
2022-02-17,215.13248679184326
2022-02-18,214.63248679184326
2022-02-21,214.13248679184326
2022-02-22,213.63248679184326
2022-02-23,213.13248679184326
2022-02-24,212.63248679184326
2022-02-25,212.13248679184326
2022-02-28,211.63248679184326
2022-03-01,211.55293321028077
2022-03-02,211.46556546036308
2022-03-03,210.94010381233602
2022-03-04,210.6757859683177
2022-03-07,210.43241490151755
2022-03-08,210.5609110085962
2022-03-09,210.0258290955714
2022-03-10,210.33386023373228
2022-03-11,210.92281159088296
2022-03-14,210.46871660235936
2022-03-15,210.28090682752122
2022-03-16,210.68217833452618
2022-03-17,211.01211133601217
2022-03-18,210.75610980808247
2022-03-21,212.2456082619983
2022-03-22,212.79188734696584
2022-03-23,213.55364674182576
2022-03-24,213.893812573083
2022-03-25,213.95281951909163
2022-03-28,214.298078138449
2022-03-29,214.48897692666273
2022-03-30,214.25299463792456
2022-03-31,214.2088258344557
2022-04-01,213.40672668773547
2022-04-04,213.52697137736092
2022-04-05,213.76917560131224
2022-04-06,213.69211486331818
2022-04-07,214.0402484910763
2022-04-08,214.03901051340154
2022-04-11,214.21066087938743
2022-04-12,213.6713816730167
2022-04-13,213.38305329771183
2022-04-14,213.97960424537115
2022-04-15,214.27311510504603
2022-04-18,215.0814402301477
2022-04-19,214.58273235294064
2022-04-20,214.12238539540883
2022-04-21,213.59653696683122
2022-04-22,214.147728457029
2022-04-25,213.64182306411354
2022-04-26,213.8006658510635
2022-04-27,214.70647230478363
2022-04-28,214.84515695857598
2022-04-29,215.33534597610446
2022-05-02,215.2709635461976
2022-05-03,215.48460195812456
2022-05-04,215.8225374225364
2022-05-05,215.89655119230088
2022-05-06,216.4497360116953
2022-05-09,216.01444827112473
2022-05-10,216.13648100801774
2022-05-11,215.78379122760688
2022-05-12,215.04900459637526
2022-05-13,215.28936750844306
2022-05-16,215.30838341870225
2022-05-17,215.54822960119253
2022-05-18,215.35580028027437
2022-05-19,214.82067613710433
2022-05-20,214.75192991869235
2022-05-23,214.5947915183182
2022-05-24,215.23243057414683
2022-05-25,215.72681935640085
2022-05-26,216.0705594285082
2022-05-27,215.548202342668
2022-05-30,214.98389031145513
2022-05-31,215.69926380706144
2022-06-01,215.63982934154726
2022-06-02,215.98437615577637
2022-06-03,215.3675266816711
2022-06-06,215.4925983677071
2022-06-07,215.2372194420699
2022-06-08,215.742017833239
2022-06-09,214.84491917492355
2022-06-10,215.46536830191152
2022-06-13,215.44126472780894
2022-06-14,215.00585021391365
2022-06-15,214.82806463166708
2022-06-16,214.75513602780384
2022-06-17,215.88897244541775
2022-06-20,216.7452105507373
2022-06-21,216.4435849824215
2022-06-22,216.8056422979799
2022-06-23,216.21349178329672
2022-06-24,216.71901575394827
2022-06-27,216.73249490045853
2022-06-28,217.76209606879237
2022-06-29,218.22560010901404
2022-06-30,218.63123089269305
2022-07-01,218.90335355757162
2022-07-04,219.37893030089035
2022-07-05,218.1004584357056
2022-07-06,217.45823037835797
2022-07-07,217.39423364129715
2022-07-08,216.50921145102234
2022-07-11,216.4103366425002
2022-07-12,216.33946178215987
2022-07-13,216.0341935554885
2022-07-14,215.91140470603685
2022-07-15,215.48056411638666
2022-07-18,215.76116901299383
2022-07-19,216.10473527498078
2022-07-20,215.8494755483192
2022-07-21,216.18775813110034
2022-07-22,215.50935962790462
2022-07-25,215.33090965907255
2022-07-26,215.0334948990251
2022-07-27,215.08303708813676
2022-07-28,215.42755441922915
2022-07-29,215.64311717255646
2022-08-01,216.96785167086938
2022-08-02,216.7771073277999
2022-08-03,216.1601437230769
2022-08-04,216.54904139202992
2022-08-05,215.80700433757218
2022-08-08,215.90593081764789
2022-08-09,216.25777180034612
2022-08-10,216.069586488026
2022-08-11,216.14958056066388
2022-08-12,216.58717609469105
2022-08-15,216.3760937958357
2022-08-16,216.61911095037019
2022-08-17,215.84535813006832
2022-08-18,216.21755754653003
2022-08-19,216.36671989133777
2022-08-22,217.5912314320052
2022-08-23,217.30388345494808
2022-08-24,217.5366913641285
2022-08-25,217.7422016213544
2022-08-26,217.27014646161348
2022-08-29,216.79875298908297
2022-08-30,216.7866560150778
2022-08-31,216.3231677645086
2022-09-01,215.7897200743108
2022-09-02,216.30950070268125
2022-09-05,216.14899209070822
2022-09-06,216.61294207962825
2022-09-07,216.83000589459587
2022-09-08,217.66522717920319
2022-09-09,218.17551342852735
2022-09-12,217.96177257624078
2022-09-13,218.16226911779032
2022-09-14,218.3861983495149
2022-09-15,218.85550528408783
2022-09-16,218.9836531030043
2022-09-19,219.0499826169527
2022-09-20,219.16585155641283
2022-09-21,219.20145046322006
2022-09-22,219.31860168823465
2022-09-23,218.65244093920415
2022-09-26,219.3757723674805
2022-09-27,219.71543927465368
2022-09-28,219.24770433290186
2022-09-29,218.8825421397948
2022-09-30,218.53543193364828
2022-10-03,219.3500265862578
2022-10-04,219.06190328470393
2022-10-05,218.350158735935
2022-10-06,218.8525591531109
2022-10-07,219.04603488520706
2022-10-10,219.52852728583176
2022-10-11,219.59037221546632
2022-10-12,219.25676978631623
2022-10-13,219.17539023847846
2022-10-14,218.940419643219
2022-10-17,219.10980648469936
2022-10-18,219.76200413014664
2022-10-19,220.39979896807455
2022-10-20,220.5111110022268
2022-10-21,219.51932159177335
2022-10-24,220.1853315441384
2022-10-25,219.29167547736813
2022-10-26,220.11220700588532
2022-10-27,220.37518797751454
2022-10-28,220.54619726782866
2022-10-31,220.76676955100797
2022-11-01,220.4021845406977
2022-11-02,220.9395197673688
2022-11-03,220.9505230794241
2022-11-04,221.32023198015594
2022-11-07,220.70801106179334
2022-11-08,220.40164166925166
2022-11-09,220.50045511257179
2022-11-10,220.36710869665984
2022-11-11,219.56204150483975
2022-11-14,218.80819811765227
2022-11-15,219.56642865002144
2022-11-16,218.8003777137694
2022-11-17,219.53661115708886
2022-11-18,219.75939127618705
2022-11-21,219.86033233798193
2022-11-22,220.01437466963552
2022-11-23,219.4565152067646
2022-11-24,218.7959864510047
2022-11-25,219.2196247828567
2022-11-28,219.4458031133748
2022-11-29,219.94746852594034
2022-11-30,219.99351919383116
2022-12-01,220.18874740639373
2022-12-02,221.06076349731754
2022-12-05,220.87836588854415
2022-12-06,220.80454489777733
2022-12-07,219.77903079667774
2022-12-08,219.91104381747996
2022-12-09,220.20340300827837
2022-12-12,220.8930083489394
2022-12-13,220.7959648551471
2022-12-14,221.3654041859991
2022-12-15,221.53751180388696
2022-12-16,221.45988943027257
2022-12-19,222.1173302778368
2022-12-20,221.51828368754857
2022-12-21,222.44391921930955
2022-12-22,222.2584773611904
2022-12-23,222.5514747071564
2022-12-26,223.35016159235906
2022-12-27,224.0960638788727
2022-12-28,225.01745005797076
2022-12-29,225.14363988304498
2022-12-30,225.4268201302635
2023-01-02,226.4268201302635
2023-01-03,227.4268201302635
2023-01-04,228.4268201302635
2023-01-05,229.4268201302635
2023-01-06,230.4268201302635
2023-01-09,231.4268201302635
2023-01-10,232.4268201302635
2023-01-11,233.4268201302635
2023-01-12,234.4268201302635
2023-01-13,235.4268201302635
2023-01-16,236.4268201302635
2023-01-17,237.4268201302635
2023-01-18,238.4268201302635
2023-01-19,239.4268201302635
2023-01-20,240.4268201302635
2023-01-23,241.4268201302635
2023-01-24,242.4268201302635
2023-01-25,243.4268201302635
2023-01-26,244.4268201302635
2023-01-27,245.4268201302635
2023-01-30,246.4268201302635
2023-01-31,247.4268201302635
2023-02-01,246.9268201302635
2023-02-02,246.4268201302635
2023-02-03,245.9268201302635
2023-02-06,245.4268201302635
2023-02-07,244.9268201302635
2023-02-08,244.4268201302635
2023-02-09,243.9268201302635
2023-02-10,243.4268201302635
2023-02-13,242.9268201302635
2023-02-14,242.4268201302635
2023-02-15,241.9268201302635
2023-02-16,241.4268201302635
2023-02-17,240.9268201302635
2023-02-20,240.4268201302635
2023-02-21,239.9268201302635
2023-02-22,239.4268201302635
2023-02-23,238.9268201302635
2023-02-24,238.4268201302635
2023-02-27,237.9268201302635
2023-02-28,237.4268201302635
2023-03-01,237.2147280273425
2023-03-02,236.59029989668645
2023-03-03,236.79452966964342
2023-03-06,236.82695271273786
2023-03-07,237.31815274194693
2023-03-08,236.36034270912893
2023-03-09,235.50940727760937
2023-03-10,235.43023215397633
2023-03-13,235.9809735852914
2023-03-14,236.17965692023768
2023-03-15,236.29473881772782
2023-03-16,237.48026996436514
2023-03-17,237.68642287835013
2023-03-20,237.59083119894137
2023-03-21,238.26065846725118
2023-03-22,238.09782343749904
2023-03-23,237.97878527467194
2023-03-24,238.12073893695367
2023-03-27,237.8106504483809
2023-03-28,238.26885122387546
2023-03-29,238.2062550216228
2023-03-30,238.30890248989112
2023-03-31,238.2719774114944
2023-04-03,238.9501318958811
2023-04-04,239.33489506698876
2023-04-05,239.2514420741118
2023-04-06,239.2095471911179
2023-04-07,238.54525205885588
2023-04-10,238.68493460497783
2023-04-11,238.8788691277061
2023-04-12,238.46280801231345
2023-04-13,237.59852164646114
2023-04-14,237.84168170124565
2023-04-17,237.85960970010964
2023-04-18,238.19887480751368
2023-04-19,238.14859826355828
2023-04-20,236.92020475001453
2023-04-21,237.0493599432002
2023-04-24,237.93152577100943
2023-04-25,237.30728297584358
2023-04-26,237.16058895403341
2023-04-27,236.6760694785654
2023-04-28,236.38402004349493
2023-05-01,236.86456309077644
2023-05-02,236.75024499828567
2023-05-03,235.94595189198733
2023-05-04,237.344589684998
2023-05-05,236.8792385832967
2023-05-08,237.44714926497886
2023-05-09,236.740100649312
2023-05-10,236.6363425247306
2023-05-11,237.09734860491994
2023-05-12,237.5198528599107
2023-05-15,237.39158336198832
2023-05-16,236.4689585975611
2023-05-17,236.29274454832836
2023-05-18,235.92762618539302
2023-05-19,235.43278014407784
2023-05-22,235.2604005865719
2023-05-23,235.40251461467696
2023-05-24,235.6233211325979
2023-05-25,235.85331729458355
2023-05-26,236.46518391558
2023-05-29,236.35684687163337
2023-05-30,236.04250293434603
2023-05-31,235.03897473402918
2023-06-01,234.55538519379385
2023-06-02,234.0108261640561
2023-06-05,234.4028411770694
2023-06-06,234.44860194082395
2023-06-07,234.43163440456976
2023-06-08,234.9264041713823
2023-06-09,233.85874197551803
2023-06-12,233.3346704703549
2023-06-13,233.5390764601142
2023-06-14,232.28813005882964
2023-06-15,232.93897659273273
2023-06-16,232.61116575196007
2023-06-19,232.55181323081692
2023-06-20,233.06826141694748
2023-06-21,233.0669366460041
2023-06-22,233.33909901270067
2023-06-23,232.6863360371309
2023-06-26,232.51762444037087
2023-06-27,232.19780761388117
2023-06-28,231.91712734569415
2023-06-29,231.9652349639214
2023-06-30,231.6206419711791
2023-07-03,231.6789477822604
2023-07-04,231.90190967267498
2023-07-05,230.53915371408232
2023-07-06,231.03142355974342
2023-07-07,232.29881413044316
2023-07-10,232.62200381670056
2023-07-11,233.21976380503966
2023-07-12,233.59853165612674
2023-07-13,232.73055851426795
2023-07-14,232.5070076799982
2023-07-17,232.81962127076727
2023-07-18,232.75842419757862
2023-07-19,232.46003238551546
2023-07-20,231.7221785717478
2023-07-21,231.08012762020255
2023-07-24,231.6576063678674
2023-07-25,232.35073498091822
2023-07-26,233.03612690372572
2023-07-27,232.6779867997805
2023-07-28,232.71633309349536
2023-07-31,233.07792181794946
2023-08-01,233.28857520314494
2023-08-02,232.36508990078892
2023-08-03,232.52483669800193
2023-08-04,232.49333059935844
2023-08-07,232.85826199375023
2023-08-08,232.3298566510761
2023-08-09,232.62609712972835
2023-08-10,231.9086415880627
2023-08-11,231.76024879753953
2023-08-14,231.5448266429054
2023-08-15,231.68732157204727
2023-08-16,232.06502256584983
2023-08-17,232.07295889086834
2023-08-18,231.5076933428899
2023-08-21,230.6546712851242
2023-08-22,230.0736404353782
2023-08-23,230.0870835735665
2023-08-24,230.00329274145233
2023-08-25,229.2535724024
2023-08-28,228.50625707005872
2023-08-29,228.56611553172942
2023-08-30,228.29559580771485
2023-08-31,228.79749990183961
2023-09-01,228.73979338150036
2023-09-04,229.49255261032025
2023-09-05,228.71303095034057
2023-09-06,227.482299924876
2023-09-07,227.81326830380792
2023-09-08,227.77214776160912
2023-09-11,228.52202208655515
2023-09-12,228.9037571428017
2023-09-13,228.6121482567623
2023-09-14,228.674752743327
2023-09-15,228.81406035121896
2023-09-18,229.7149713453773
2023-09-19,230.3395646667238
2023-09-20,231.06749202038716
2023-09-21,230.8498221375942
2023-09-22,231.4617685972303
2023-09-25,230.8933300727176
2023-09-26,230.71009808498172
2023-09-27,230.9790009819446
2023-09-28,231.98641565944286
2023-09-29,231.5938341955049
2023-10-02,231.79621157100925
2023-10-03,231.4720193639683
2023-10-04,230.97028559648902
2023-10-05,230.29425744978258
2023-10-06,230.53197514740538
2023-10-09,229.9475269510325
2023-10-10,230.12411787508242
2023-10-11,229.01260233765888
2023-10-12,229.2199115593189
2023-10-13,229.09462366807858
2023-10-16,229.35874055307806
2023-10-17,230.13601807641658
2023-10-18,230.03299781356236
2023-10-19,229.7914681224938
2023-10-20,229.77113250987912
2023-10-23,229.87787177816264
2023-10-24,230.87592878366402
2023-10-25,229.9135882326142
2023-10-26,229.5502137138789
2023-10-27,228.95296428520948
2023-10-30,229.49980171868725
2023-10-31,229.45647896425564
2023-11-01,229.17864864801186
2023-11-02,229.46789322003738
2023-11-03,228.3620923764899
2023-11-06,228.2678114484606
2023-11-07,228.45276300702818
2023-11-08,227.97874673408685
2023-11-09,227.63760487413268
2023-11-10,227.83390571591184
2023-11-13,228.4332307845401
2023-11-14,229.0774044702298
2023-11-15,228.94760744402575
2023-11-16,228.83080940670527
2023-11-17,228.2788867002864
2023-11-20,228.34002940075965
2023-11-21,229.37305946251786
2023-11-22,228.7280314910464
2023-11-23,228.35550928145528
2023-11-24,228.47665658604248
2023-11-27,228.11978236245986
2023-11-28,227.94705282666652
2023-11-29,227.9779997867398
2023-11-30,228.29258722894485
2023-12-01,228.69753357835333
2023-12-04,228.69432689281973
2023-12-05,228.88623087336927
2023-12-06,229.32687981357319
2023-12-07,229.50041027820566
2023-12-08,229.40865959411425
2023-12-11,229.0282048673754
2023-12-12,228.57229030892782
2023-12-13,228.13991980166048
2023-12-14,227.90697436419063
2023-12-15,228.3424918184879
2023-12-18,228.50739665976712
2023-12-19,228.3784619519373
2023-12-20,228.18235879519543
2023-12-21,227.75115955275365
2023-12-22,227.6391966751871
2023-12-25,228.25394809544588
2023-12-26,228.96711131409165
2023-12-27,229.2259855631399
2023-12-28,229.5150130824377
2023-12-29,229.69696169688805
2024-01-01,230.69696169688805
2024-01-02,231.69696169688805
2024-01-03,232.69696169688805
2024-01-04,233.69696169688805
2024-01-05,234.69696169688805
2024-01-08,235.69696169688805
2024-01-09,236.69696169688805
2024-01-10,237.69696169688805
2024-01-11,238.69696169688805
2024-01-12,239.69696169688805
2024-01-15,240.69696169688805
2024-01-16,241.69696169688805
2024-01-17,242.69696169688805
2024-01-18,243.69696169688805
2024-01-19,244.69696169688805
2024-01-22,245.69696169688805
2024-01-23,246.69696169688805
2024-01-24,247.69696169688805
2024-01-25,248.69696169688805
2024-01-26,249.69696169688805
2024-01-29,250.69696169688805
2024-01-30,251.69696169688805
2024-01-31,252.69696169688805
2024-02-01,252.19696169688805
2024-02-02,251.69696169688805
2024-02-05,251.19696169688805
2024-02-06,250.69696169688805
2024-02-07,250.19696169688805
2024-02-08,249.69696169688805
2024-02-09,249.19696169688805
2024-02-12,248.69696169688805
2024-02-13,248.19696169688805
2024-02-14,247.69696169688805
2024-02-15,247.19696169688805
2024-02-16,246.69696169688805
2024-02-19,246.19696169688805
2024-02-20,245.69696169688805
2024-02-21,245.19696169688805
2024-02-22,244.69696169688805
2024-02-23,244.19696169688805
2024-02-26,243.69696169688805
2024-02-27,243.19696169688805
2024-02-28,242.69696169688805
2024-02-29,242.19696169688805
2024-03-01,242.26116731716658
2024-03-04,242.08733244572608
2024-03-05,241.6253435886202
2024-03-06,241.56694901166765
2024-03-07,241.02250798403452
2024-03-08,241.30798135506393
2024-03-11,242.26267624201589
2024-03-12,242.04330259986546
2024-03-13,242.3996414766654
2024-03-14,243.05035912904134
2024-03-15,243.05878703378636
2024-03-18,242.93416296510787
2024-03-19,243.17535103062698
2024-03-20,243.02582394067088
2024-03-21,242.4915653457359
2024-03-22,242.56274726831037
2024-03-25,241.9750903459269
2024-03-26,241.72319147744068
2024-03-27,241.29374142826072
2024-03-28,241.78593529358375
2024-03-29,241.07140147065715
2024-04-01,241.64542984212935
2024-04-02,241.35632241693511
2024-04-03,242.28210661364693
2024-04-04,241.42219502655433
2024-04-05,241.36020268142448
2024-04-08,242.17911906009772
2024-04-09,242.33181584969677
2024-04-10,243.8822091580525
2024-04-11,244.12909526678766
2024-04-12,244.2546320451358
2024-04-15,244.07117023476275
2024-04-16,244.3429381340733
2024-04-17,244.7728887316029
2024-04-18,244.59836313918865
2024-04-19,244.40728380420248
2024-04-22,244.70328584644648
2024-04-23,243.81427005287608
2024-04-24,244.58732253795634
2024-04-25,244.9220593830387
2024-04-26,244.6161518603477
2024-04-29,243.56445426902604
2024-04-30,244.01780640218126
2024-05-01,243.9725373936444
2024-05-02,243.69486105663162
2024-05-03,243.02094701971376
2024-05-06,242.37806657001022
2024-05-07,242.22383337793036
2024-05-08,241.13351509051842
2024-05-09,240.66016291748184
2024-05-10,240.96810210588868
2024-05-13,241.13059623882046
2024-05-14,242.09552774460596
2024-05-15,242.39439807132004
2024-05-16,241.56121155693793
2024-05-17,242.30536151234486
2024-05-20,242.04533802423774
2024-05-21,241.9737940995987
2024-05-22,241.33939766472096
2024-05-23,241.5970359580904
2024-05-24,241.7433889758452
2024-05-27,241.70716684997328
2024-05-28,241.0588072651466
2024-05-29,241.5665663763176
2024-05-30,241.46676222615292
2024-05-31,241.28234018016107
2024-06-03,241.35395715420378
2024-06-04,241.47043916962227
2024-06-05,241.76348790357065
2024-06-06,241.9743990362696
2024-06-07,241.87858799602753
2024-06-10,241.80675711957744
2024-06-11,241.67330854129926
2024-06-12,241.07715663646343
2024-06-13,241.13186397287424
2024-06-14,240.24008544873024
2024-06-17,239.90244716790923
2024-06-18,239.6380973495491
2024-06-19,239.72100726466326
2024-06-20,238.82420967052846
2024-06-21,238.1341540659502
2024-06-24,237.99227492440122
2024-06-25,237.79033922515552
2024-06-26,238.0288239787863
2024-06-27,238.2385046505647
2024-06-28,238.3433663351322
2024-07-01,238.4182458929893
2024-07-02,238.39343755891244
2024-07-03,238.15707165655954
2024-07-04,237.65972128794758
2024-07-05,236.99504614574101
2024-07-08,236.19206677966778
2024-07-09,236.23223936594667
2024-07-10,236.02716009203718
2024-07-11,235.8403587901126
2024-07-12,235.8148897850028
2024-07-15,236.13210909712322
2024-07-16,236.2219801383167
2024-07-17,237.0303887595942
2024-07-18,237.92321850025047
2024-07-19,237.97086118459274
2024-07-22,238.06757938945188
2024-07-23,237.4574881603014
2024-07-24,237.77479745276005
2024-07-25,238.12043457212224
2024-07-26,238.82842928909054
2024-07-29,239.58992996693124
2024-07-30,238.96196419668289
2024-07-31,238.93255760229638
2024-08-01,237.73625467790905
2024-08-02,237.52903112362122
2024-08-05,237.3351106427689
2024-08-06,238.35886444808492
2024-08-07,238.3776171179883
2024-08-08,238.77801539172296
2024-08-09,238.82983940220183
2024-08-12,239.40399977285836
2024-08-13,239.130991611427
2024-08-14,239.41165270728646
2024-08-15,239.05698196007805
2024-08-16,239.0720612341125
2024-08-19,238.9776996913669
2024-08-20,239.5871476884193
2024-08-21,239.42241710791714
2024-08-22,238.44802319793925
2024-08-23,238.96809018820232
2024-08-26,238.18815917010028
2024-08-27,237.5802728660165
2024-08-28,237.02247681051745
2024-08-29,236.28863612137906
2024-08-30,236.22869121805425
2024-09-02,236.60718066084007
2024-09-03,236.63485575741285
2024-09-04,236.66379820265703
2024-09-05,236.06658701305165
2024-09-06,235.62502077203146
2024-09-09,236.13732388771265
2024-09-10,236.64714394997853
2024-09-11,236.2021523710524
2024-09-12,236.26474774427743
2024-09-13,236.6397717584434
2024-09-16,237.26789077811017
2024-09-17,237.89204858813716
2024-09-18,237.2693588973133
2024-09-19,237.66340871355283
2024-09-20,237.79660886929184
2024-09-23,237.6006946064661
2024-09-24,237.8508440327169
2024-09-25,237.45153121373056
2024-09-26,236.8640785705702
2024-09-27,237.89054539628273
2024-09-30,237.32227210464345
2024-10-01,236.97411371365575
2024-10-02,237.57779231704814
2024-10-03,237.33286603689618
2024-10-04,237.41525220550074
2024-10-07,237.32399324685116
2024-10-08,237.79504043530437
2024-10-09,237.64684270427446
2024-10-10,237.7837937048729
2024-10-11,237.09060121720714
2024-10-14,236.4113656643899
2024-10-15,235.66681250926754
2024-10-16,235.40198777693772
2024-10-17,235.06293249259227
2024-10-18,235.58641198900247
2024-10-21,235.45421443330127
2024-10-22,235.16197713108963
2024-10-23,234.45897644710328
2024-10-24,234.36559428082975
2024-10-25,234.69436562155775
2024-10-28,235.06596599059594
2024-10-29,234.8735404852719
2024-10-30,234.66590451023822
2024-10-31,235.16136348799077
2024-11-01,235.48610230935088
2024-11-04,235.0529933923794
2024-11-05,234.44601218903313
2024-11-06,234.60604528692843
2024-11-07,234.00307855558094
2024-11-08,233.84157470959346
2024-11-11,234.04081446843864
2024-11-12,234.3738929946708
2024-11-13,234.01776233007618
2024-11-14,234.26493860866796
2024-11-15,233.80638995459938
2024-11-18,233.23478042567444
2024-11-19,232.95029761449743
2024-11-20,232.7692248724763
2024-11-21,232.99003566544488
2024-11-22,231.86884986051362
2024-11-25,231.65183348046577
2024-11-26,231.25986575310833
2024-11-27,230.85719933836063
2024-11-28,230.58670571657154
2024-11-29,230.02083405838852
2024-12-02,229.77395853111457
2024-12-03,230.2839054453593
2024-12-04,230.26008096473927
2024-12-05,230.01174156222828
2024-12-06,229.8508585175612
2024-12-09,229.3173685113988
2024-12-10,228.70939867179703
2024-12-11,228.6375712205504
2024-12-12,228.3247814101435
2024-12-13,228.17729086821151
2024-12-16,228.0477006482164
2024-12-17,228.17569570171176
2024-12-18,228.43778126052442
2024-12-19,228.2678509981631
2024-12-20,228.1208531918211
2024-12-23,228.00901591497285
2024-12-24,228.683396801532
2024-12-25,228.81603835626976
2024-12-26,228.76314695810845
2024-12-27,228.3480937540203
2024-12-30,229.06039243657816
2024-12-31,229.48750877728722
